YearCode,Maternal_Deaths,Infant deaths reported,State
2017,1.0,21.0,Jammu & Kashmir
2017,0.0,0.0,Himachal Pradesh
2017,4.0,70.0,Meghalaya
2017,0.0,8.0,Sikkim
2017,29.0,65.0,Uttar Pradesh
2018,0.0,0.0,Arunachal Pradesh
2018,1.0,6.0,Arunachal Pradesh
2018,3.0,18.0,Bihar
2018,7.0,19.0,Jammu & Kashmir
2018,0.0,0.0,Himachal Pradesh
2018,4.0,88.0,Meghalaya
2018,0.0,17.0,Nagaland
2018,1.0,2.0,Nagaland
2019,0.0,3.0,Arunachal Pradesh
2019,1.0,3.0,Arunachal Pradesh
2019,0.0,1.0,Jammu & Kashmir
2019,1.0,7.0,Nagaland
2017,87.0,1797.0,West Bengal
2019,0.0,1.0,Nagaland
2017,61.0,1071.0,Andhra Pradesh
2017,48.0,567.0,Andhra Pradesh
2017,0.0,14.0,A & N Islands
2017,32.0,531.0,Andhra Pradesh
2017,95.0,1212.0,Andhra Pradesh
2017,55.0,1070.0,Andhra Pradesh
2017,78.0,704.0,Andhra Pradesh
2017,0.0,0.0,Arunachal Pradesh
2017,87.0,1573.0,Andhra Pradesh
2017,24.0,143.0,Andhra Pradesh
2017,30.0,196.0,Andhra Pradesh
2017,17.0,302.0,Andhra Pradesh
2017,0.0,13.0,Arunachal Pradesh
2017,6.0,8.0,A & N Islands
2017,74.0,1312.0,Andhra Pradesh
2017,12.0,208.0,Andhra Pradesh
2017,27.0,125.0,Andhra Pradesh
2017,0.0,0.0,Arunachal Pradesh
2017,0.0,6.0,Arunachal Pradesh
2017,0.0,40.0,Arunachal Pradesh
2017,0.0,0.0,Arunachal Pradesh
2017,0.0,0.0,Arunachal Pradesh
2017,0.0,7.0,Arunachal Pradesh
2017,9.0,1.0,Arunachal Pradesh
2017,0.0,6.0,Arunachal Pradesh
2017,0.0,5.0,Arunachal Pradesh
2017,0.0,0.0,Arunachal Pradesh
2017,0.0,24.0,Arunachal Pradesh
2017,0.0,1.0,Arunachal Pradesh
2017,1.0,1.0,Arunachal Pradesh
2017,1.0,1.0,Arunachal Pradesh
2017,0.0,3.0,Arunachal Pradesh
2017,0.0,0.0,Arunachal Pradesh
2017,1.0,19.0,Arunachal Pradesh
2017,0.0,0.0,Arunachal Pradesh
2017,9.0,239.0,Assam
2017,34.0,774.0,Assam
2017,16.0,414.0,Assam
2017,166.0,890.0,Assam
2017,11.0,171.0,Assam
2017,17.0,293.0,Assam
2017,15.0,317.0,Assam
2017,67.0,1189.0,Assam
2017,71.0,685.0,Assam
2017,10.0,75.0,Assam
2017,37.0,490.0,Assam
2017,51.0,420.0,Assam
2017,20.0,469.0,Assam
2017,29.0,393.0,Assam
2017,141.0,55.0,Assam
2017,14.0,381.0,Assam
2019,1.0,6.0,Mizoram
2017,28.0,181.0,Assam
2017,98.0,1045.0,Assam
2017,59.0,426.0,Assam
2017,7.0,311.0,Assam
2017,28.0,192.0,Assam
2017,73.0,667.0,Assam
2017,8.0,205.0,Assam
2017,33.0,330.0,Assam
2017,60.0,530.0,Assam
2017,18.0,271.0,Assam
2017,22.0,250.0,Assam
2017,33.0,150.0,Bihar
2017,25.0,171.0,Bihar
2017,23.0,98.0,Bihar
2017,73.0,853.0,Bihar
2017,23.0,244.0,Bihar
2017,3.0,37.0,Jammu & Kashmir
2017,252.0,2002.0,Bihar
2017,10.0,153.0,Bihar
2017,38.0,209.0,Bihar
2017,8.0,48.0,Bihar
2017,51.0,307.0,Bihar
2017,65.0,443.0,Bihar
2017,20.0,41.0,Bihar
2017,37.0,261.0,Bihar
2017,30.0,160.0,Bihar
2017,17.0,157.0,Bihar
2017,38.0,151.0,Bihar
2017,2.0,66.0,Bihar
2017,26.0,599.0,Bihar
2017,8.0,27.0,Bihar
2017,7.0,76.0,Bihar
2017,46.0,161.0,Bihar
2017,33.0,271.0,Bihar
2017,72.0,239.0,Bihar
2017,24.0,347.0,Bihar
2017,17.0,56.0,Bihar
2017,158.0,1619.0,Bihar
2017,36.0,1049.0,Bihar
2017,6.0,30.0,Bihar
2017,9.0,268.0,Bihar
2017,84.0,1019.0,Bihar
2017,16.0,111.0,Bihar
2017,4.0,53.0,Bihar
2017,8.0,83.0,Bihar
2017,14.0,326.0,Bihar
2017,35.0,72.0,Bihar
2017,33.0,246.0,Bihar
2017,24.0,295.0,Bihar
2017,23.0,244.0,Bihar
2017,29.0,206.0,Chhattisgarh
2017,6.0,1355.0,Chandigarh
2017,5.0,61.0,A & N Islands
2017,25.0,215.0,Chhattisgarh
2017,33.0,219.0,Chhattisgarh
2017,42.0,167.0,Chhattisgarh
2017,39.0,271.0,Chhattisgarh
2017,2.0,159.0,Chhattisgarh
2017,16.0,153.0,Chhattisgarh
2017,60.0,362.0,Chhattisgarh
2017,58.0,331.0,Chhattisgarh
2017,4.0,134.0,Chhattisgarh
2017,13.0,377.0,Chhattisgarh
2017,10.0,276.0,Chhattisgarh
2017,6.0,157.0,Chhattisgarh
2017,14.0,232.0,Chhattisgarh
2017,15.0,265.0,Chhattisgarh
2017,20.0,140.0,Chhattisgarh
2017,35.0,350.0,Chhattisgarh
2017,19.0,60.0,Chhattisgarh
2017,21.0,254.0,Chhattisgarh
2017,25.0,460.0,Chhattisgarh
2017,7.0,151.0,Chhattisgarh
2017,3.0,42.0,Chhattisgarh
2017,50.0,634.0,Chhattisgarh
2017,7.0,353.0,Chhattisgarh
2017,47.0,776.0,Chhattisgarh
2017,12.0,208.0,Chhattisgarh
2017,31.0,523.0,Chhattisgarh
2017,10.0,258.0,Dadra & Nagar Haveli
2017,0.0,33.0,Daman & Diu
2017,1.0,2.0,Daman & Diu
2017,64.0,522.0,Delhi
2017,13.0,436.0,Delhi
2017,198.0,2757.0,Delhi
2017,2.0,138.0,Delhi
2017,3.0,72.0,Delhi
2017,78.0,632.0,Delhi
2017,80.0,41.0,Delhi
2017,16.0,61.0,Delhi
2017,0.0,97.0,Delhi
2017,4.0,57.0,Delhi
2017,59.0,145.0,Delhi
2017,9.0,18.0,Jammu & Kashmir
2017,15.0,91.0,Goa
2017,1.0,17.0,Goa
2017,78.0,1177.0,Gujarat
2017,12.0,347.0,Gujarat
2017,53.0,993.0,Gujarat
2017,20.0,498.0,Gujarat
2017,50.0,1751.0,Gujarat
2017,22.0,485.0,Gujarat
2017,26.0,441.0,Gujarat
2017,6.0,120.0,Gujarat
2017,30.0,405.0,Gujarat
2017,25.0,254.0,Haryana
2017,61.0,1569.0,Gujarat
2017,12.0,268.0,Gujarat
2017,15.0,306.0,Gujarat
2017,1.0,20.0,Jammu & Kashmir
2017,29.0,1795.0,Gujarat
2017,52.0,1277.0,Gujarat
2017,11.0,314.0,Gujarat
2017,33.0,564.0,Gujarat
2017,2.0,3.0,Jammu & Kashmir
2017,39.0,431.0,Gujarat
2017,26.0,730.0,Gujarat
2017,7.0,508.0,Gujarat
2017,16.0,277.0,Gujarat
2017,7.0,268.0,Gujarat
2017,10.0,237.0,Gujarat
2017,32.0,1091.0,Gujarat
2017,32.0,505.0,Gujarat
2017,10.0,143.0,Gujarat
2017,39.0,1170.0,Gujarat
2017,19.0,976.0,Gujarat
2017,61.0,850.0,Gujarat
2017,26.0,481.0,Gujarat
2017,5.0,45.0,Jammu & Kashmir
2017,18.0,285.0,Gujarat
2017,9.0,194.0,Gujarat
2017,96.0,2460.0,Gujarat
2017,19.0,314.0,Gujarat
2017,6.0,41.0,Jammu & Kashmir
2017,13.0,308.0,Haryana
2017,14.0,65.0,Haryana
2017,4.0,138.0,Haryana
2017,17.0,91.0,Haryana
2017,41.0,550.0,Haryana
2017,38.0,938.0,Haryana
2017,11.0,35.0,Haryana
2017,18.0,101.0,Haryana
2017,3.0,116.0,Haryana
2017,39.0,249.0,Haryana
2017,14.0,105.0,Haryana
2017,12.0,194.0,Haryana
2017,34.0,67.0,Haryana
2017,21.0,21.0,Haryana
2017,1.0,14.0,Haryana
2017,9.0,100.0,Haryana
2017,10.0,114.0,Haryana
2017,21.0,1150.0,Haryana
2017,21.0,168.0,Haryana
2017,19.0,69.0,Haryana
2017,31.0,84.0,Haryana
2017,5.0,44.0,Himachal Pradesh
2017,5.0,104.0,Himachal Pradesh
2017,2.0,27.0,Himachal Pradesh
2017,8.0,319.0,Himachal Pradesh
2017,0.0,4.0,Himachal Pradesh
2017,8.0,95.0,Himachal Pradesh
2017,5.0,118.0,Himachal Pradesh
2017,12.0,130.0,Himachal Pradesh
2017,6.0,160.0,Himachal Pradesh
2017,1.0,33.0,Jammu & Kashmir
2017,2.0,53.0,Himachal Pradesh
2017,3.0,70.0,Himachal Pradesh
2017,7.0,73.0,Jammu & Kashmir
2017,12.0,116.0,Jammu & Kashmir
2017,0.0,6.0,Jammu & Kashmir
2017,1.0,28.0,Jammu & Kashmir
2017,21.0,61.0,Jammu & Kashmir
2017,0.0,24.0,Jammu & Kashmir
2017,6.0,133.0,Jammu & Kashmir
2017,4.0,45.0,Jammu & Kashmir
2017,2.0,2.0,Jammu & Kashmir
2017,0.0,10.0,Jammu & Kashmir
2017,2.0,54.0,Jammu & Kashmir
2017,2.0,16.0,Jammu & Kashmir
2017,20.0,611.0,Jammu & Kashmir
2017,7.0,29.0,Jammu & Kashmir
2017,21.0,223.0,Jharkhand
2017,18.0,167.0,Jharkhand
2017,44.0,103.0,Jharkhand
2017,33.0,26.0,Jharkhand
2017,51.0,317.0,Jharkhand
2017,30.0,42.0,Jharkhand
2017,28.0,95.0,Jharkhand
2017,25.0,43.0,Jharkhand
2017,48.0,243.0,Jharkhand
2017,44.0,186.0,Jharkhand
2017,12.0,95.0,Meghalaya
2017,12.0,113.0,Jharkhand
2017,22.0,99.0,Jharkhand
2017,14.0,57.0,Jharkhand
2017,39.0,137.0,Jharkhand
2017,19.0,120.0,Jharkhand
2017,65.0,164.0,Jharkhand
2017,72.0,195.0,Jharkhand
2017,63.0,445.0,Jharkhand
2017,11.0,219.0,Madhya Pradesh
2017,35.0,285.0,Jharkhand
2017,22.0,151.0,Jharkhand
2017,25.0,556.0,Madhya Pradesh
2017,105.0,233.0,Jharkhand
2017,32.0,165.0,Jharkhand
2017,33.0,306.0,Jharkhand
2017,29.0,107.0,Jharkhand
2017,15.0,196.0,Karnataka
2017,6.0,25.0,Karnataka
2017,14.0,436.0,Madhya Pradesh
2017,77.0,1366.0,Karnataka
2017,100.0,593.0,Karnataka
2017,66.0,481.0,Karnataka
2017,0.0,2.0,Manipur
2017,17.0,431.0,Karnataka
2017,19.0,551.0,Karnataka
2017,6.0,63.0,Karnataka
2017,10.0,203.0,Karnataka
2017,2.0,5.0,Manipur
2017,6.0,93.0,Karnataka
2017,18.0,296.0,Karnataka
2017,19.0,493.0,Karnataka
2017,23.0,696.0,Karnataka
2017,3.0,10.0,Manipur
2017,70.0,700.0,Karnataka
2017,8.0,169.0,Karnataka
2017,91.0,868.0,Karnataka
2017,9.0,524.0,Karnataka
2017,15.0,78.0,Meghalaya
2017,15.0,203.0,Karnataka
2017,5.0,76.0,Karnataka
2017,11.0,279.0,Karnataka
2017,17.0,423.0,Karnataka
2017,11.0,326.0,Karnataka
2017,29.0,846.0,Karnataka
2017,60.0,856.0,Karnataka
2017,3.0,68.0,Karnataka
2017,9.0,126.0,Meghalaya
2017,24.0,433.0,Karnataka
2017,22.0,393.0,Karnataka
2017,10.0,83.0,Karnataka
2017,10.0,161.0,Karnataka
2017,5.0,44.0,Mizoram
2017,11.0,129.0,Karnataka
2017,2.0,66.0,Kerala
2017,17.0,116.0,Kerala
2017,13.0,51.0,Kerala
2017,0.0,29.0,Mizoram
2017,21.0,500.0,Kerala
2017,10.0,126.0,Kerala
2017,7.0,200.0,Kerala
2017,64.0,175.0,Kerala
2017,47.0,246.0,Kerala
2017,39.0,466.0,Kerala
2017,4.0,75.0,Kerala
2017,1.0,11.0,Kerala
2017,12.0,388.0,Kerala
2017,,48.0,Mizoram
2017,20.0,183.0,Kerala
2017,1.0,62.0,Kerala
2017,0.0,15.0,Lakshadweep
2017,3.0,62.0,Madhya Pradesh
2017,32.0,314.0,Madhya Pradesh
2017,34.0,360.0,Madhya Pradesh
2017,22.0,395.0,Madhya Pradesh
2017,33.0,726.0,Madhya Pradesh
2017,60.0,943.0,Madhya Pradesh
2017,2.0,11.0,Nagaland
2017,37.0,664.0,Madhya Pradesh
2017,34.0,633.0,Madhya Pradesh
2017,135.0,2040.0,Madhya Pradesh
2017,38.0,417.0,Madhya Pradesh
2017,1.0,2.0,Nagaland
2017,12.0,467.0,Madhya Pradesh
2017,27.0,840.0,Madhya Pradesh
2017,56.0,700.0,Madhya Pradesh
2017,36.0,572.0,Madhya Pradesh
2017,11.0,391.0,Madhya Pradesh
2017,24.0,360.0,Madhya Pradesh
2017,51.0,737.0,Madhya Pradesh
2017,13.0,769.0,Madhya Pradesh
2017,16.0,338.0,Madhya Pradesh
2017,21.0,359.0,Madhya Pradesh
2017,50.0,16.0,Madhya Pradesh
2017,144.0,1429.0,Madhya Pradesh
2017,35.0,302.0,Madhya Pradesh
2017,61.0,797.0,Madhya Pradesh
2017,26.0,502.0,Madhya Pradesh
2017,30.0,715.0,Madhya Pradesh
2017,45.0,360.0,Madhya Pradesh
2017,12.0,482.0,Madhya Pradesh
2017,0.0,16.0,Nagaland
2017,34.0,600.0,Madhya Pradesh
2017,41.0,383.0,Madhya Pradesh
2017,16.0,362.0,Madhya Pradesh
2017,30.0,768.0,Madhya Pradesh
2017,19.0,450.0,Madhya Pradesh
2017,25.0,585.0,Madhya Pradesh
2017,28.0,559.0,Madhya Pradesh
2017,70.0,483.0,Madhya Pradesh
2017,73.0,585.0,Madhya Pradesh
2017,61.0,1140.0,Madhya Pradesh
2017,13.0,537.0,Madhya Pradesh
2017,40.0,604.0,Madhya Pradesh
2017,67.0,717.0,Madhya Pradesh
2017,13.0,219.0,Madhya Pradesh
2017,31.0,640.0,Madhya Pradesh
2017,32.0,360.0,Madhya Pradesh
2017,40.0,388.0,Madhya Pradesh
2017,24.0,381.0,Madhya Pradesh
2017,29.0,519.0,Madhya Pradesh
2017,52.0,621.0,Madhya Pradesh
2017,41.0,737.0,Maharashtra
2017,37.0,939.0,Maharashtra
2017,28.0,678.0,Maharashtra
2017,2.0,0.0,Nagaland
2017,47.0,390.0,Maharashtra
2017,40.0,1070.0,West Bengal
2017,9.0,316.0,Maharashtra
2017,7.0,363.0,Maharashtra
2017,240.0,1796.0,Maharashtra
2017,15.0,394.0,Maharashtra
2017,20.0,560.0,Maharashtra
2017,13.0,467.0,Maharashtra
2017,12.0,494.0,Maharashtra
2017,12.0,395.0,Maharashtra
2017,5.0,189.0,Maharashtra
2017,20.0,665.0,Maharashtra
2017,8.0,150.0,Maharashtra
2017,32.0,452.0,Maharashtra
2017,10.0,107.0,Maharashtra
2017,199.0,276.0,Maharashtra
2017,23.0,574.0,Maharashtra
2017,31.0,740.0,Maharashtra
2017,78.0,1148.0,Maharashtra
2017,11.0,207.0,Maharashtra
2017,24.0,475.0,Maharashtra
2017,4.0,286.0,Maharashtra
2017,94.0,537.0,Maharashtra
2017,28.0,299.0,Maharashtra
2017,7.0,125.0,Maharashtra
2017,1.0,1.0,Nagaland
2017,41.0,642.0,Maharashtra
2017,20.0,321.0,Maharashtra
2017,2.0,45.0,Maharashtra
2017,32.0,872.0,Maharashtra
2017,52.0,537.0,Odisha
2017,52.0,803.0,Maharashtra
2017,26.0,249.0,Maharashtra
2017,1.0,162.0,Maharashtra
2017,21.0,412.0,Maharashtra
2017,2.0,8.0,Manipur
2017,3.0,73.0,Manipur
2017,1.0,4.0,Manipur
2017,9.0,17.0,Manipur
2017,2.0,7.0,Manipur
2017,1.0,15.0,Manipur
2017,35.0,943.0,Meghalaya
2017,10.0,127.0,Meghalaya
2017,17.0,89.0,Meghalaya
2017,10.0,93.0,Meghalaya
2017,42.0,275.0,Meghalaya
2017,26.0,358.0,Meghalaya
2017,17.0,258.0,Meghalaya
2017,3.0,54.0,Mizoram
2017,4.0,99.0,Mizoram
2017,1.0,45.0,Mizoram
2017,1.0,30.0,Mizoram
2017,4.0,24.0,Mizoram
2017,1.0,17.0,Mizoram
2017,16.0,120.0,Nagaland
2017,3.0,27.0,Nagaland
2017,0.0,1.0,Nagaland
2017,2.0,21.0,Nagaland
2017,2.0,17.0,Nagaland
2017,1.0,0.0,Nagaland
2017,36.0,454.0,Odisha
2017,31.0,836.0,Odisha
2017,14.0,598.0,Odisha
2017,16.0,282.0,Odisha
2017,7.0,104.0,Odisha
2017,19.0,309.0,Odisha
2017,48.0,341.0,Odisha
2017,5.0,130.0,Odisha
2017,79.0,1374.0,West Bengal
2017,11.0,225.0,Odisha
2017,17.0,153.0,Odisha
2017,82.0,542.0,Odisha
2017,10.0,93.0,Odisha
2017,30.0,306.0,Odisha
2017,2.0,109.0,Odisha
2017,42.0,948.0,Odisha
2017,33.0,220.0,Odisha
2017,34.0,530.0,Odisha
2017,28.0,317.0,Odisha
2017,43.0,758.0,Odisha
2017,49.0,735.0,Odisha
2017,61.0,917.0,Odisha
2017,51.0,1160.0,Odisha
2017,7.0,186.0,Odisha
2017,46.0,728.0,Odisha
2017,11.0,250.0,Odisha
2017,40.0,560.0,Odisha
2017,64.0,465.0,Odisha
2017,20.0,158.0,Odisha
2017,23.0,482.0,Odisha
2017,2.0,27.0,Puducherry
2017,1.0,0.0,Puducherry
2017,26.0,496.0,Puducherry
2017,0.0,9.0,Puducherry
2017,127.0,398.0,Punjab
2017,5.0,96.0,Punjab
2017,20.0,232.0,Punjab
2017,44.0,257.0,Punjab
2017,8.0,70.0,Punjab
2017,32.0,156.0,Punjab
2017,34.0,153.0,Punjab
2017,26.0,284.0,Punjab
2017,10.0,101.0,Punjab
2017,29.0,160.0,Punjab
2017,14.0,108.0,Punjab
2017,45.0,350.0,Punjab
2017,7.0,96.0,Punjab
2017,9.0,70.0,Punjab
2017,16.0,90.0,Punjab
2017,16.0,92.0,Punjab
2017,9.0,126.0,Punjab
2017,10.0,73.0,Punjab
2017,71.0,87.0,Punjab
2017,11.0,100.0,Punjab
2017,10.0,92.0,Punjab
2017,5.0,214.0,Punjab
2017,43.0,864.0,Rajasthan
2017,2.0,49.0,Tripura
2017,66.0,889.0,Rajasthan
2017,50.0,878.0,Rajasthan
2017,24.0,495.0,Rajasthan
2017,24.0,691.0,Rajasthan
2017,43.0,578.0,Rajasthan
2017,34.0,1293.0,Rajasthan
2017,26.0,299.0,Rajasthan
2017,1.0,15.0,Sikkim
2017,16.0,257.0,Rajasthan
2017,26.0,909.0,Rajasthan
2017,34.0,321.0,Rajasthan
2017,21.0,106.0,Rajasthan
2017,1.0,22.0,Sikkim
2017,30.0,368.0,Rajasthan
2017,37.0,708.0,Rajasthan
2017,31.0,972.0,West Bengal
2017,21.0,500.0,Rajasthan
2017,26.0,328.0,Rajasthan
2017,10.0,16.0,Telangana
2017,100.0,1077.0,Rajasthan
2017,12.0,84.0,Rajasthan
2017,25.0,252.0,Rajasthan
2017,31.0,306.0,Rajasthan
2017,9.0,32.0,Telangana
2017,25.0,399.0,Rajasthan
2017,64.0,345.0,Rajasthan
2017,34.0,379.0,Rajasthan
2017,47.0,254.0,Rajasthan
2017,41.0,1031.0,Rajasthan
2017,36.0,386.0,Rajasthan
2017,29.0,336.0,Rajasthan
2017,43.0,420.0,Rajasthan
2017,22.0,177.0,Rajasthan
2017,3.0,67.0,Telangana
2017,32.0,545.0,Rajasthan
2017,38.0,250.0,Rajasthan
2017,20.0,438.0,Rajasthan
2017,93.0,1689.0,Rajasthan
2017,7.0,62.0,Sikkim
2017,0.0,37.0,Tamil Nadu
2017,84.0,1193.0,Tamil Nadu
2017,67.0,97.0,Tamil Nadu
2017,20.0,121.0,Tamil Nadu
2017,16.0,366.0,Tamil Nadu
2017,8.0,191.0,Tamil Nadu
2017,11.0,169.0,Tamil Nadu
2017,12.0,67.0,Tamil Nadu
2017,8.0,42.0,Tamil Nadu
2017,0.0,77.0,Tamil Nadu
2017,2.0,267.0,Tamil Nadu
2017,88.0,146.0,Tamil Nadu
2017,6.0,125.0,Tamil Nadu
2017,7.0,161.0,Tamil Nadu
2017,2.0,41.0,Tamil Nadu
2017,3.0,55.0,Tamil Nadu
2017,9.0,364.0,Tamil Nadu
2017,8.0,141.0,Tamil Nadu
2017,50.0,323.0,Tamil Nadu
2017,3.0,85.0,Tamil Nadu
2017,40.0,196.0,Tamil Nadu
2017,8.0,282.0,Tamil Nadu
2017,5.0,163.0,Tamil Nadu
2017,17.0,87.0,Tamil Nadu
2017,56.0,314.0,Tamil Nadu
2017,49.0,546.0,Tamil Nadu
2017,2.0,183.0,Tamil Nadu
2017,20.0,211.0,Tamil Nadu
2017,18.0,223.0,Tamil Nadu
2017,22.0,440.0,Tamil Nadu
2017,30.0,743.0,Tamil Nadu
2017,12.0,188.0,Tamil Nadu
2017,9.0,375.0,Telangana
2017,12.0,73.0,Telangana
2017,191.0,27.0,Telangana
2017,4.0,34.0,Telangana
2017,4.0,29.0,Telangana
2017,1.0,8.0,Telangana
2017,13.0,54.0,Telangana
2017,1.0,43.0,Telangana
2017,13.0,126.0,Telangana
2017,1.0,25.0,Telangana
2017,1.0,40.0,Telangana
2017,2.0,9.0,Telangana
2017,6.0,164.0,Telangana
2017,7.0,110.0,Telangana
2017,6.0,50.0,Telangana
2017,14.0,622.0,Telangana
2017,15.0,146.0,Telangana
2018,0.0,9.0,Nagaland
2017,1.0,15.0,Telangana
2017,0.0,2.0,Telangana
2017,2.0,0.0,Telangana
2017,12.0,103.0,Telangana
2017,23.0,862.0,West Bengal
2017,10.0,169.0,Telangana
2017,3.0,56.0,Telangana
2017,2.0,3.0,Telangana
2017,6.0,44.0,Telangana
2017,7.0,32.0,Telangana
2017,6.0,38.0,Telangana
2017,1.0,102.0,Telangana
2017,4.0,105.0,Tripura
2017,7.0,49.0,Tripura
2017,1.0,87.0,Tripura
2017,14.0,94.0,Tripura
2017,8.0,23.0,Tripura
2017,10.0,77.0,Tripura
2017,22.0,515.0,Tripura
2017,129.0,53.0,Uttar Pradesh
2017,33.0,65.0,Uttar Pradesh
2017,177.0,98.0,Uttar Pradesh
2017,129.0,587.0,Uttar Pradesh
2017,63.0,74.0,Uttar Pradesh
2017,39.0,18.0,Uttar Pradesh
2017,33.0,83.0,Uttar Pradesh
2017,72.0,1326.0,Uttar Pradesh
2017,16.0,63.0,Uttar Pradesh
2017,75.0,226.0,Uttar Pradesh
2017,35.0,130.0,Uttar Pradesh
2017,60.0,211.0,Uttar Pradesh
2017,10.0,114.0,Uttar Pradesh
2017,74.0,134.0,Uttar Pradesh
2017,108.0,312.0,Uttar Pradesh
2017,122.0,101.0,Uttar Pradesh
2017,70.0,154.0,Uttar Pradesh
2017,84.0,143.0,Uttar Pradesh
2017,26.0,31.0,Uttar Pradesh
2017,14.0,71.0,Uttar Pradesh
2017,317.0,12.0,Uttar Pradesh
2017,122.0,131.0,Uttar Pradesh
2017,54.0,13.0,Uttar Pradesh
2017,95.0,256.0,Uttar Pradesh
2017,21.0,180.0,Uttar Pradesh
2017,29.0,38.0,Uttar Pradesh
2017,157.0,171.0,Uttar Pradesh
2017,34.0,107.0,Uttar Pradesh
2017,34.0,0.0,Uttar Pradesh
2017,24.0,186.0,Uttar Pradesh
2017,64.0,103.0,Uttar Pradesh
2017,20.0,250.0,Uttar Pradesh
2017,15.0,17.0,Uttar Pradesh
2017,4.0,28.0,Uttar Pradesh
2017,18.0,4568.0,Uttar Pradesh
2017,5.0,3.0,Uttar Pradesh
2017,44.0,117.0,Uttar Pradesh
2017,41.0,4.0,Uttar Pradesh
2017,41.0,5.0,Uttar Pradesh
2017,76.0,217.0,Uttar Pradesh
2017,22.0,0.0,Uttar Pradesh
2017,14.0,25.0,Uttar Pradesh
2017,56.0,337.0,Uttar Pradesh
2017,7.0,139.0,Uttar Pradesh
2017,49.0,199.0,Uttar Pradesh
2017,63.0,48.0,Uttar Pradesh
2017,67.0,229.0,Uttar Pradesh
2017,62.0,255.0,Uttar Pradesh
2017,327.0,806.0,Uttar Pradesh
2017,87.0,132.0,Uttar Pradesh
2017,18.0,109.0,Uttar Pradesh
2017,9.0,0.0,Uttar Pradesh
2017,53.0,25.0,Uttar Pradesh
2017,105.0,18.0,Uttar Pradesh
2017,73.0,400.0,Uttar Pradesh
2017,43.0,133.0,Uttar Pradesh
2017,29.0,106.0,Uttar Pradesh
2017,66.0,138.0,Uttar Pradesh
2017,31.0,110.0,Uttar Pradesh
2017,84.0,173.0,Uttar Pradesh
2017,65.0,246.0,Uttar Pradesh
2017,0.0,3.0,Uttarakhand
2017,39.0,125.0,Uttar Pradesh
2017,69.0,286.0,Uttar Pradesh
2017,91.0,606.0,Uttar Pradesh
2017,47.0,11.0,Uttar Pradesh
2017,48.0,105.0,Uttar Pradesh
2017,21.0,272.0,Uttar Pradesh
2017,42.0,147.0,Uttar Pradesh
2017,119.0,3.0,Uttar Pradesh
2017,168.0,613.0,Uttar Pradesh
2017,117.0,401.0,Uttar Pradesh
2017,80.0,62.0,Uttar Pradesh
2017,130.0,225.0,Uttar Pradesh
2017,76.0,42.0,Uttar Pradesh
2017,7.0,22.0,Uttarakhand
2017,3.0,14.0,Uttarakhand
2017,2.0,28.0,Uttarakhand
2018,1.0,31.0,Mizoram
2017,42.0,137.0,Uttarakhand
2017,7.0,67.0,Uttarakhand
2017,34.0,222.0,Uttarakhand
2017,32.0,49.0,Uttarakhand
2017,2.0,52.0,Uttarakhand
2017,5.0,17.0,Uttarakhand
2017,2.0,29.0,Uttarakhand
2017,33.0,112.0,Uttarakhand
2017,3.0,70.0,Uttarakhand
2017,35.0,434.0,West Bengal
2017,39.0,1170.0,West Bengal
2017,47.0,1176.0,West Bengal
2017,26.0,446.0,West Bengal
2017,66.0,1030.0,West Bengal
2017,41.0,553.0,West Bengal
2017,32.0,627.0,West Bengal
2017,25.0,402.0,West Bengal
2017,12.0,414.0,West Bengal
2017,2.0,32.0,West Bengal
2017,49.0,916.0,West Bengal
2017,130.0,2583.0,West Bengal
2017,86.0,1740.0,West Bengal
2017,183.0,2640.0,West Bengal
2017,60.0,1111.0,West Bengal
2017,26.0,781.0,West Bengal
2017,17.0,695.0,West Bengal
2017,35.0,1184.0,West Bengal
2018,2.0,60.0,Tamil Nadu
2018,17.0,229.0,Chhattisgarh
2018,11.0,89.0,Chhattisgarh
2018,31.0,388.0,Chhattisgarh
2018,9.0,92.0,Chhattisgarh
2018,9.0,185.0,Chhattisgarh
2018,0.0,6.0,Mizoram
2018,38.0,390.0,Chhattisgarh
2018,8.0,211.0,Chhattisgarh
2018,17.0,202.0,Chhattisgarh
2018,32.0,439.0,Chhattisgarh
2018,5.0,222.0,Chhattisgarh
2018,8.0,69.0,Chhattisgarh
2018,19.0,221.0,Chhattisgarh
2018,16.0,192.0,Chhattisgarh
2018,5.0,98.0,Chhattisgarh
2018,24.0,281.0,Chhattisgarh
2018,16.0,151.0,Chhattisgarh
2018,15.0,249.0,Chhattisgarh
2018,1.0,48.0,Daman & Diu
2018,19.0,354.0,Chhattisgarh
2018,5.0,211.0,Chhattisgarh
2018,4.0,137.0,Chhattisgarh
2018,2.0,31.0,Chhattisgarh
2018,34.0,598.0,Chhattisgarh
2018,71.0,348.0,Chhattisgarh
2018,50.0,683.0,Chhattisgarh
2018,20.0,234.0,Chhattisgarh
2018,62.0,653.0,Chhattisgarh
2018,10.0,250.0,Dadra & Nagar Haveli
2018,0.0,5.0,Daman & Diu
2018,0.0,15.0,Arunachal Pradesh
2018,60.0,659.0,Delhi
2018,11.0,483.0,Delhi
2018,175.0,2454.0,Delhi
2018,5.0,239.0,Delhi
2018,5.0,121.0,Delhi
2018,81.0,437.0,Delhi
2018,156.0,147.0,Delhi
2018,17.0,77.0,Delhi
2018,1.0,17.0,Goa
2018,6.0,31.0,Delhi
2018,0.0,3.0,Jammu & Kashmir
2018,7.0,103.0,Delhi
2018,49.0,308.0,Delhi
2018,11.0,136.0,Goa
2018,2.0,327.0,Gujarat
2018,112.0,1349.0,Gujarat
2018,9.0,297.0,Gujarat
2018,39.0,686.0,Gujarat
2018,13.0,355.0,Gujarat
2018,17.0,257.0,Gujarat
2018,67.0,1528.0,Gujarat
2018,10.0,278.0,Gujarat
2018,27.0,546.0,Gujarat
2018,9.0,75.0,Gujarat
2018,13.0,280.0,Gujarat
2018,35.0,1130.0,Gujarat
2018,4.0,271.0,Gujarat
2018,9.0,448.0,Gujarat
2018,13.0,324.0,Gujarat
2018,5.0,46.0,Jammu & Kashmir
2018,44.0,772.0,Gujarat
2018,6.0,264.0,Gujarat
2018,86.0,512.0,Gujarat
2018,6.0,456.0,Gujarat
2018,25.0,726.0,Gujarat
2018,6.0,264.0,Gujarat
2018,6.0,166.0,Gujarat
2018,40.0,806.0,Gujarat
2018,24.0,385.0,Gujarat
2018,9.0,138.0,Gujarat
2018,63.0,1652.0,Gujarat
2018,19.0,592.0,Gujarat
2018,60.0,1519.0,Gujarat
2018,2.0,18.0,Jammu & Kashmir
2018,17.0,372.0,Gujarat
2018,4.0,226.0,Gujarat
2018,11.0,136.0,Gujarat
2018,103.0,1787.0,Gujarat
2018,6.0,87.0,Jammu & Kashmir
2018,11.0,257.0,Gujarat
2018,15.0,272.0,Haryana
2018,25.0,423.0,Haryana
2018,5.0,87.0,Haryana
2018,45.0,764.0,Haryana
2018,17.0,416.0,Haryana
2018,41.0,398.0,Haryana
2018,42.0,591.0,Haryana
2018,16.0,229.0,Haryana
2018,38.0,405.0,Haryana
2018,34.0,350.0,Haryana
2018,30.0,660.0,Haryana
2018,19.0,298.0,Haryana
2018,17.0,241.0,Haryana
2018,53.0,1416.0,Haryana
2018,31.0,600.0,Haryana
2018,12.0,88.0,Haryana
2018,33.0,587.0,Haryana
2018,18.0,206.0,Haryana
2018,54.0,1245.0,Haryana
2018,20.0,372.0,Haryana
2018,19.0,361.0,Haryana
2018,20.0,446.0,Haryana
2018,6.0,50.0,Himachal Pradesh
2018,9.0,160.0,Himachal Pradesh
2018,2.0,34.0,Himachal Pradesh
2018,12.0,397.0,Himachal Pradesh
2018,0.0,4.0,Himachal Pradesh
2018,4.0,84.0,Himachal Pradesh
2018,10.0,196.0,Himachal Pradesh
2018,11.0,227.0,Himachal Pradesh
2018,10.0,57.0,Meghalaya
2018,11.0,173.0,Himachal Pradesh
2018,10.0,61.0,Himachal Pradesh
2018,4.0,79.0,Himachal Pradesh
2018,1.0,11.0,Jammu & Kashmir
2018,11.0,968.0,Jammu & Kashmir
2018,0.0,38.0,Jammu & Kashmir
2018,1.0,10.0,Jammu & Kashmir
2018,0.0,11.0,Jammu & Kashmir
2018,3.0,48.0,Jammu & Kashmir
2018,2.0,29.0,Jammu & Kashmir
2018,0.0,15.0,Jammu & Kashmir
2018,4.0,84.0,Jammu & Kashmir
2018,6.0,31.0,Jammu & Kashmir
2018,1.0,27.0,Jammu & Kashmir
2018,0.0,0.0,Jammu & Kashmir
2018,0.0,0.0,Jammu & Kashmir
2018,2.0,26.0,Jammu & Kashmir
2018,2.0,18.0,Jammu & Kashmir
2018,23.0,606.0,Jammu & Kashmir
2018,3.0,48.0,Jammu & Kashmir
2018,19.0,245.0,Jharkhand
2018,12.0,151.0,Jharkhand
2018,29.0,140.0,Jharkhand
2018,23.0,33.0,Jharkhand
2018,41.0,366.0,Jharkhand
2018,24.0,70.0,Jharkhand
2018,45.0,190.0,Jharkhand
2018,35.0,127.0,Jharkhand
2018,44.0,236.0,Jharkhand
2018,45.0,158.0,Jharkhand
2018,23.0,112.0,Jharkhand
2018,27.0,103.0,Jharkhand
2018,17.0,38.0,Jharkhand
2018,22.0,94.0,Jharkhand
2018,19.0,88.0,Jharkhand
2018,40.0,157.0,Jharkhand
2018,45.0,255.0,Jharkhand
2018,60.0,535.0,Jharkhand
2018,31.0,323.0,Jharkhand
2018,22.0,427.0,Jharkhand
2018,17.0,132.0,Jharkhand
2018,71.0,284.0,Jharkhand
2018,34.0,127.0,Jharkhand
2018,12.0,89.0,Jharkhand
2018,22.0,198.0,Karnataka
2018,4.0,76.0,Karnataka
2018,5.0,28.0,Karnataka
2018,0.0,11.0,Lakshadweep
2018,74.0,1041.0,Karnataka
2018,48.0,515.0,Karnataka
2018,44.0,502.0,Karnataka
2018,13.0,390.0,Madhya Pradesh
2018,13.0,275.0,Karnataka
2018,21.0,457.0,Karnataka
2018,1.0,50.0,Karnataka
2018,6.0,141.0,Karnataka
2018,1.0,1.0,Nagaland
2018,15.0,236.0,Karnataka
2018,29.0,442.0,Karnataka
2018,20.0,476.0,Karnataka
2018,64.0,557.0,Karnataka
2018,1.0,7.0,Manipur
2018,7.0,136.0,Karnataka
2018,60.0,979.0,Karnataka
2018,15.0,418.0,Karnataka
2018,13.0,137.0,Karnataka
2018,3.0,44.0,Karnataka
2018,10.0,191.0,Karnataka
2018,18.0,363.0,Karnataka
2018,13.0,271.0,Karnataka
2018,2.0,50.0,Meghalaya
2018,26.0,775.0,Karnataka
2018,34.0,829.0,Karnataka
2018,3.0,39.0,Karnataka
2018,26.0,506.0,Karnataka
2018,24.0,394.0,Karnataka
2018,12.0,140.0,Karnataka
2018,8.0,203.0,Karnataka
2018,19.0,250.0,Karnataka
2018,6.0,62.0,Mizoram
2018,2.0,38.0,Kerala
2018,9.0,132.0,Kerala
2018,0.0,29.0,Kerala
2018,46.0,366.0,Kerala
2018,6.0,131.0,Kerala
2018,9.0,49.0,Kerala
2018,1.0,71.0,Kerala
2018,5.0,28.0,Kerala
2018,10.0,118.0,Kerala
2018,31.0,206.0,Kerala
2018,2.0,21.0,Kerala
2018,8.0,378.0,Kerala
2018,18.0,167.0,Kerala
2018,6.0,24.0,Mizoram
2018,3.0,31.0,Kerala
2018,2.0,54.0,Madhya Pradesh
2018,31.0,385.0,Madhya Pradesh
2018,33.0,363.0,Madhya Pradesh
2018,0.0,0.0,Arunachal Pradesh
2018,55.0,602.0,Madhya Pradesh
2018,31.0,499.0,Madhya Pradesh
2018,55.0,1151.0,Madhya Pradesh
2018,26.0,756.0,Madhya Pradesh
2018,28.0,296.0,Madhya Pradesh
2018,177.0,1818.0,Madhya Pradesh
2018,22.0,505.0,Madhya Pradesh
2018,38.0,960.0,Madhya Pradesh
2018,0.0,42.0,Nagaland
2018,48.0,924.0,Madhya Pradesh
2018,34.0,323.0,Madhya Pradesh
2018,17.0,378.0,Madhya Pradesh
2018,21.0,446.0,Madhya Pradesh
2018,25.0,954.0,Madhya Pradesh
2018,24.0,1019.0,Madhya Pradesh
2018,94.0,398.0,Madhya Pradesh
2018,7.0,285.0,Madhya Pradesh
2018,20.0,370.0,Madhya Pradesh
2018,89.0,1048.0,Madhya Pradesh
2018,131.0,1006.0,Madhya Pradesh
2018,19.0,529.0,Madhya Pradesh
2018,51.0,880.0,Madhya Pradesh
2018,21.0,567.0,Madhya Pradesh
2018,58.0,920.0,Madhya Pradesh
2018,24.0,464.0,Madhya Pradesh
2018,16.0,463.0,Madhya Pradesh
2018,37.0,474.0,Madhya Pradesh
2018,109.0,441.0,Madhya Pradesh
2018,12.0,402.0,Madhya Pradesh
2018,37.0,967.0,Madhya Pradesh
2018,40.0,416.0,Madhya Pradesh
2018,14.0,746.0,Madhya Pradesh
2018,14.0,923.0,Madhya Pradesh
2018,62.0,544.0,Madhya Pradesh
2018,64.0,555.0,Madhya Pradesh
2018,49.0,1180.0,Madhya Pradesh
2018,8.0,585.0,Madhya Pradesh
2018,38.0,490.0,Madhya Pradesh
2018,37.0,682.0,Madhya Pradesh
2018,19.0,327.0,Madhya Pradesh
2018,20.0,656.0,Madhya Pradesh
2018,27.0,644.0,Madhya Pradesh
2018,70.0,503.0,Madhya Pradesh
2018,38.0,486.0,Madhya Pradesh
2018,15.0,413.0,Madhya Pradesh
2018,17.0,546.0,Madhya Pradesh
2018,13.0,547.0,Madhya Pradesh
2018,53.0,672.0,Madhya Pradesh
2018,32.0,792.0,Maharashtra
2018,32.0,871.0,Maharashtra
2018,38.0,601.0,Maharashtra
2018,70.0,1013.0,Maharashtra
2018,9.0,269.0,Maharashtra
2018,13.0,356.0,Maharashtra
2018,224.0,1850.0,Maharashtra
2018,10.0,410.0,Maharashtra
2018,24.0,605.0,Maharashtra
2018,36.0,536.0,Maharashtra
2018,12.0,427.0,Maharashtra
2018,5.0,298.0,Maharashtra
2018,2.0,215.0,Maharashtra
2018,32.0,333.0,Maharashtra
2018,0.0,8.0,Nagaland
2018,6.0,105.0,Maharashtra
2019,0.0,0.0,Arunachal Pradesh
2018,31.0,514.0,Maharashtra
2018,9.0,94.0,Maharashtra
2018,164.0,548.0,Maharashtra
2018,18.0,476.0,Maharashtra
2018,29.0,708.0,Maharashtra
2018,73.0,818.0,Maharashtra
2018,7.0,185.0,Maharashtra
2018,19.0,365.0,Maharashtra
2018,7.0,216.0,Maharashtra
2018,135.0,1049.0,Maharashtra
2018,22.0,247.0,Maharashtra
2018,5.0,127.0,Maharashtra
2018,36.0,783.0,Maharashtra
2018,25.0,333.0,Maharashtra
2018,1.0,42.0,Maharashtra
2018,21.0,871.0,Maharashtra
2018,66.0,702.0,Maharashtra
2018,25.0,221.0,Maharashtra
2018,0.0,12.0,Nagaland
2018,2.0,90.0,Maharashtra
2018,25.0,283.0,Maharashtra
2018,0.0,2.0,Manipur
2018,1.0,4.0,Manipur
2018,2.0,52.0,Manipur
2018,0.0,1.0,Manipur
2018,4.0,10.0,Manipur
2018,2.0,5.0,Manipur
2018,2.0,1.0,Manipur
2018,0.0,0.0,Manipur
2019,0.0,39.0,Mizoram
2018,34.0,845.0,Meghalaya
2018,5.0,68.0,Meghalaya
2018,9.0,90.0,Meghalaya
2018,7.0,75.0,Meghalaya
2019,0.0,0.0,Arunachal Pradesh
2018,6.0,74.0,Meghalaya
2018,45.0,293.0,Meghalaya
2018,19.0,260.0,Meghalaya
2018,23.0,173.0,Meghalaya
2018,3.0,56.0,Mizoram
2018,6.0,53.0,Mizoram
2018,3.0,61.0,Mizoram
2018,0.0,16.0,Mizoram
2018,1.0,31.0,Mizoram
2018,13.0,115.0,Nagaland
2018,2.0,5.0,Nagaland
2018,1.0,2.0,Nagaland
2018,0.0,0.0,Nagaland
2018,31.0,518.0,Odisha
2018,34.0,768.0,Odisha
2018,30.0,517.0,Odisha
2018,10.0,219.0,Odisha
2018,4.0,71.0,Odisha
2018,4.0,295.0,Odisha
2019,1.0,6.0,Manipur
2018,24.0,302.0,Odisha
2018,4.0,83.0,Odisha
2018,6.0,195.0,Odisha
2018,12.0,192.0,Odisha
2018,49.0,328.0,Odisha
2018,5.0,66.0,Odisha
2018,16.0,262.0,Odisha
2018,4.0,75.0,Odisha
2018,36.0,915.0,Odisha
2018,11.0,589.0,Odisha
2018,0.0,199.0,Odisha
2018,,569.0,Odisha
2018,0.0,335.0,Odisha
2018,55.0,1009.0,Odisha
2018,19.0,697.0,Odisha
2018,30.0,1104.0,Odisha
2018,45.0,1329.0,Odisha
2018,21.0,152.0,Odisha
2018,27.0,618.0,Odisha
2018,14.0,235.0,Odisha
2018,29.0,744.0,Odisha
2018,36.0,399.0,Odisha
2018,11.0,124.0,Odisha
2019,9.0,153.0,Meghalaya
2018,29.0,544.0,Odisha
2018,2.0,18.0,Puducherry
2018,0.0,0.0,Puducherry
2018,20.0,383.0,Puducherry
2018,0.0,9.0,Puducherry
2018,111.0,302.0,Punjab
2018,6.0,71.0,Punjab
2018,17.0,224.0,Punjab
2018,41.0,252.0,Punjab
2018,7.0,62.0,Punjab
2018,12.0,119.0,Punjab
2018,24.0,119.0,Punjab
2018,14.0,203.0,Punjab
2018,10.0,82.0,Punjab
2018,14.0,83.0,Punjab
2018,4.0,47.0,Punjab
2018,49.0,266.0,Punjab
2018,31.0,186.0,Tamil Nadu
2018,8.0,68.0,Punjab
2018,6.0,67.0,Punjab
2018,19.0,108.0,Punjab
2018,20.0,47.0,Punjab
2018,9.0,151.0,Punjab
2018,5.0,93.0,Punjab
2018,60.0,32.0,Punjab
2018,10.0,56.0,Punjab
2018,12.0,55.0,Punjab
2018,4.0,122.0,Punjab
2018,69.0,1855.0,Rajasthan
2018,66.0,1442.0,Rajasthan
2018,54.0,1234.0,Rajasthan
2018,21.0,574.0,Rajasthan
2018,0.0,6.0,Telangana
2018,54.0,880.0,Rajasthan
2018,57.0,676.0,Rajasthan
2018,22.0,1041.0,Rajasthan
2018,38.0,467.0,Rajasthan
2018,10.0,38.0,Telangana
2018,12.0,494.0,Rajasthan
2018,12.0,793.0,Rajasthan
2018,39.0,625.0,Rajasthan
2018,22.0,435.0,Rajasthan
2018,0.0,2.0,Telangana
2018,40.0,979.0,Rajasthan
2018,44.0,905.0,Rajasthan
2018,22.0,461.0,Rajasthan
2018,20.0,493.0,Rajasthan
2018,17.0,60.0,Telangana
2018,84.0,3120.0,Rajasthan
2018,3.0,226.0,Rajasthan
2018,31.0,548.0,Rajasthan
2018,31.0,859.0,Rajasthan
2018,2.0,59.0,Telangana
2018,30.0,481.0,Rajasthan
2018,70.0,1904.0,Rajasthan
2018,28.0,772.0,Rajasthan
2018,65.0,1061.0,Rajasthan
2018,3.0,23.0,Telangana
2018,43.0,1208.0,Rajasthan
2018,52.0,764.0,Rajasthan
2018,23.0,403.0,Rajasthan
2018,39.0,616.0,Rajasthan
2018,6.0,24.0,Telangana
2018,30.0,503.0,Rajasthan
2018,43.0,774.0,Rajasthan
2018,46.0,634.0,Rajasthan
2018,24.0,536.0,Rajasthan
2018,9.0,37.0,Telangana
2018,105.0,3395.0,Rajasthan
2018,7.0,84.0,Sikkim
2018,1.0,3.0,Sikkim
2018,3.0,15.0,Sikkim
2018,0.0,26.0,Sikkim
2019,5.0,138.0,Himachal Pradesh
2018,5.0,43.0,Tamil Nadu
2018,88.0,888.0,Tamil Nadu
2018,44.0,93.0,Tamil Nadu
2018,16.0,194.0,Tamil Nadu
2018,15.0,238.0,Tamil Nadu
2018,4.0,208.0,Tamil Nadu
2018,11.0,209.0,Tamil Nadu
2018,6.0,81.0,Tamil Nadu
2018,5.0,53.0,Tamil Nadu
2018,1.0,91.0,Tamil Nadu
2018,11.0,373.0,Tamil Nadu
2018,70.0,198.0,Tamil Nadu
2018,3.0,142.0,Tamil Nadu
2018,2.0,187.0,Tamil Nadu
2018,3.0,40.0,Tamil Nadu
2018,9.0,84.0,Tamil Nadu
2018,6.0,151.0,Tamil Nadu
2018,54.0,378.0,Tamil Nadu
2018,4.0,292.0,Tamil Nadu
2018,9.0,74.0,Tamil Nadu
2018,5.0,144.0,Tamil Nadu
2018,10.0,81.0,Tamil Nadu
2018,28.0,343.0,Tamil Nadu
2018,20.0,301.0,Tamil Nadu
2018,10.0,133.0,Tamil Nadu
2018,8.0,304.0,Tamil Nadu
2018,10.0,153.0,Tamil Nadu
2018,23.0,777.0,Tamil Nadu
2018,0.0,0.0,Telangana
2018,36.0,604.0,Tamil Nadu
2018,9.0,202.0,Tamil Nadu
2018,12.0,351.0,Telangana
2018,11.0,50.0,Telangana
2018,179.0,1133.0,Telangana
2018,13.0,214.0,Telangana
2018,3.0,35.0,Telangana
2018,10.0,45.0,Telangana
2018,0.0,8.0,Telangana
2018,29.0,262.0,Telangana
2018,2.0,118.0,Telangana
2018,7.0,64.0,Tripura
2018,3.0,23.0,Telangana
2018,5.0,38.0,Telangana
2018,9.0,290.0,Telangana
2018,5.0,61.0,Telangana
2018,3.0,2.0,Telangana
2018,26.0,90.0,Telangana
2018,2.0,77.0,Telangana
2018,5.0,21.0,Telangana
2018,0.0,26.0,Tripura
2018,2.0,19.0,Telangana
2018,5.0,43.0,Telangana
2018,7.0,36.0,Telangana
2018,6.0,956.0,Telangana
2018,5.0,263.0,Telangana
2018,4.0,88.0,Tripura
2018,5.0,83.0,Tripura
2018,4.0,28.0,Tripura
2019,0.0,0.0,Manipur
2018,1.0,23.0,Tripura
2018,6.0,81.0,Tripura
2019,1.0,16.0,Nagaland
2018,10.0,466.0,Tripura
2018,92.0,52.0,Uttar Pradesh
2018,50.0,262.0,Uttar Pradesh
2018,132.0,62.0,Uttar Pradesh
2018,72.0,345.0,Uttar Pradesh
2018,0.0,0.0,Arunachal Pradesh
2018,50.0,9.0,Uttar Pradesh
2018,74.0,71.0,Uttar Pradesh
2018,18.0,111.0,Uttar Pradesh
2018,65.0,494.0,Uttar Pradesh
2018,9.0,2.0,Uttar Pradesh
2018,42.0,178.0,Uttar Pradesh
2018,44.0,22.0,Uttar Pradesh
2018,48.0,187.0,Uttar Pradesh
2018,36.0,0.0,Uttar Pradesh
2018,92.0,174.0,Uttar Pradesh
2018,83.0,423.0,Uttar Pradesh
2018,129.0,105.0,Uttar Pradesh
2018,87.0,117.0,Uttar Pradesh
2018,226.0,187.0,Uttar Pradesh
2018,36.0,45.0,Uttar Pradesh
2018,30.0,193.0,Uttar Pradesh
2018,52.0,1.0,Uttar Pradesh
2018,65.0,82.0,Uttar Pradesh
2018,95.0,39.0,Uttar Pradesh
2018,159.0,1025.0,Uttar Pradesh
2018,32.0,122.0,Uttar Pradesh
2018,39.0,23.0,Uttar Pradesh
2018,22.0,24.0,Uttar Pradesh
2018,6.0,32.0,Uttarakhand
2018,15.0,1.0,Uttar Pradesh
2018,40.0,44.0,Uttar Pradesh
2018,95.0,180.0,Uttar Pradesh
2018,15.0,25.0,Uttar Pradesh
2018,1.0,31.0,Uttarakhand
2018,128.0,10.0,Uttar Pradesh
2018,13.0,4.0,Uttar Pradesh
2018,11.0,9.0,Uttar Pradesh
2018,35.0,339.0,Uttar Pradesh
2018,18.0,6.0,Uttar Pradesh
2018,37.0,85.0,Uttar Pradesh
2018,102.0,16.0,Uttar Pradesh
2018,32.0,9.0,Uttar Pradesh
2018,69.0,291.0,Uttar Pradesh
2018,61.0,48.0,Uttar Pradesh
2018,12.0,2.0,Uttar Pradesh
2018,10.0,37.0,Uttar Pradesh
2018,12.0,101.0,Uttar Pradesh
2018,42.0,145.0,Uttar Pradesh
2018,52.0,96.0,Uttar Pradesh
2018,21.0,31.0,Uttar Pradesh
2018,85.0,291.0,Uttar Pradesh
2018,35.0,218.0,Uttar Pradesh
2018,373.0,621.0,Uttar Pradesh
2018,78.0,154.0,Uttar Pradesh
2018,6.0,0.0,Uttar Pradesh
2018,66.0,90.0,Uttar Pradesh
2018,64.0,27.0,Uttar Pradesh
2018,52.0,301.0,Uttar Pradesh
2018,31.0,307.0,Uttar Pradesh
2018,61.0,58.0,Uttar Pradesh
2018,46.0,314.0,Uttar Pradesh
2018,58.0,86.0,Uttar Pradesh
2018,6.0,4.0,Uttar Pradesh
2018,32.0,173.0,Uttar Pradesh
2018,82.0,283.0,Uttar Pradesh
2018,54.0,340.0,Uttar Pradesh
2018,84.0,314.0,Uttar Pradesh
2018,62.0,16.0,Uttar Pradesh
2018,45.0,62.0,Uttar Pradesh
2018,62.0,83.0,Uttar Pradesh
2018,6.0,13.0,Uttarakhand
2018,93.0,379.0,Uttar Pradesh
2018,23.0,113.0,Uttar Pradesh
2018,92.0,487.0,Uttar Pradesh
2018,62.0,18.0,Uttar Pradesh
2018,215.0,1311.0,Uttar Pradesh
2018,63.0,95.0,Uttar Pradesh
2018,80.0,335.0,Uttar Pradesh
2018,100.0,67.0,Uttar Pradesh
2018,3.0,16.0,Uttarakhand
2018,0.0,0.0,Uttarakhand
2018,27.0,155.0,Uttarakhand
2018,7.0,71.0,Uttarakhand
2018,70.0,341.0,Uttarakhand
2018,17.0,191.0,Uttarakhand
2018,9.0,73.0,Uttarakhand
2018,8.0,61.0,Uttarakhand
2018,22.0,127.0,Uttarakhand
2018,4.0,43.0,Uttarakhand
2018,39.0,434.0,West Bengal
2018,52.0,1359.0,West Bengal
2018,61.0,1303.0,West Bengal
2018,26.0,437.0,West Bengal
2018,61.0,938.0,West Bengal
2018,41.0,651.0,West Bengal
2018,36.0,626.0,West Bengal
2018,18.0,468.0,West Bengal
2018,3.0,297.0,West Bengal
2018,0.0,43.0,West Bengal
2018,59.0,741.0,West Bengal
2018,86.0,2144.0,West Bengal
2018,79.0,1973.0,West Bengal
2018,167.0,2755.0,West Bengal
2018,67.0,1055.0,West Bengal
2018,31.0,591.0,West Bengal
2018,21.0,785.0,West Bengal
2018,47.0,1103.0,West Bengal
2018,71.0,1933.0,West Bengal
2018,25.0,785.0,West Bengal
2018,49.0,776.0,West Bengal
2018,72.0,1167.0,West Bengal
2018,28.0,1068.0,West Bengal
2018,,3.0,A & N Islands
2018,1.0,8.0,A & N Islands
2018,6.0,41.0,A & N Islands
2018,23.0,933.0,Andhra Pradesh
2018,30.0,628.0,Andhra Pradesh
2018,17.0,447.0,Andhra Pradesh
2018,61.0,1245.0,Andhra Pradesh
2018,83.0,1175.0,Andhra Pradesh
2018,32.0,713.0,Andhra Pradesh
2018,60.0,1237.0,Andhra Pradesh
2018,15.0,160.0,Andhra Pradesh
2018,13.0,311.0,Andhra Pradesh
2018,14.0,379.0,Andhra Pradesh
2018,98.0,1363.0,Andhra Pradesh
2018,0.0,5.0,Arunachal Pradesh
2018,12.0,212.0,Andhra Pradesh
2018,16.0,99.0,Andhra Pradesh
2018,0.0,1.0,Arunachal Pradesh
2018,0.0,3.0,Arunachal Pradesh
2018,0.0,0.0,Arunachal Pradesh
2018,1.0,50.0,Arunachal Pradesh
2018,0.0,0.0,Arunachal Pradesh
2018,0.0,2.0,Arunachal Pradesh
2018,3.0,61.0,Arunachal Pradesh
2018,0.0,0.0,Arunachal Pradesh
2018,0.0,5.0,Arunachal Pradesh
2018,0.0,1.0,Arunachal Pradesh
2018,0.0,0.0,Arunachal Pradesh
2018,0.0,0.0,Arunachal Pradesh
2018,0.0,4.0,Arunachal Pradesh
2018,0.0,0.0,Arunachal Pradesh
2018,4.0,293.0,Assam
2018,43.0,728.0,Assam
2018,18.0,294.0,Assam
2018,154.0,967.0,Assam
2018,9.0,128.0,Assam
2018,15.0,218.0,Assam
2018,11.0,307.0,Assam
2018,60.0,754.0,Assam
2018,67.0,601.0,Assam
2018,7.0,61.0,Assam
2018,41.0,602.0,Assam
2018,32.0,419.0,Assam
2018,28.0,371.0,Assam
2018,19.0,563.0,Assam
2018,127.0,1425.0,Assam
2018,26.0,238.0,Assam
2018,33.0,172.0,Assam
2018,73.0,828.0,Assam
2018,44.0,406.0,Assam
2018,14.0,253.0,Assam
2018,23.0,165.0,Assam
2018,62.0,525.0,Assam
2018,11.0,232.0,Assam
2018,8.0,167.0,Assam
2018,73.0,578.0,Assam
2018,14.0,197.0,Assam
2018,15.0,184.0,Assam
2018,12.0,72.0,Bihar
2018,24.0,184.0,Bihar
2018,13.0,93.0,Bihar
2018,58.0,549.0,Bihar
2018,18.0,171.0,Bihar
2018,147.0,1673.0,Bihar
2018,44.0,122.0,Bihar
2018,32.0,224.0,Bihar
2018,11.0,47.0,Bihar
2018,53.0,175.0,Bihar
2018,43.0,331.0,Bihar
2018,25.0,86.0,Bihar
2018,37.0,205.0,Bihar
2018,9.0,78.0,Bihar
2018,27.0,303.0,Bihar
2018,9.0,118.0,Bihar
2018,9.0,25.0,Bihar
2018,39.0,925.0,Bihar
2018,7.0,10.0,Bihar
2018,38.0,163.0,Bihar
2018,15.0,279.0,Bihar
2018,6.0,414.0,Bihar
2018,12.0,168.0,Bihar
2018,2.0,26.0,Bihar
2018,147.0,1036.0,Bihar
2018,55.0,1032.0,Bihar
2018,36.0,54.0,Bihar
2018,7.0,259.0,Bihar
2018,61.0,703.0,Bihar
2018,14.0,99.0,Bihar
2018,9.0,85.0,Bihar
2018,7.0,43.0,Bihar
2018,12.0,156.0,Bihar
2018,15.0,61.0,Bihar
2018,24.0,218.0,Bihar
2018,7.0,294.0,Bihar
2018,18.0,126.0,Bihar
2018,15.0,1553.0,Chandigarh
2018,15.0,227.0,Chhattisgarh
2019,5.0,80.0,Tripura
2019,20.0,668.0,Madhya Pradesh
2019,38.0,925.0,Madhya Pradesh
2019,23.0,510.0,Odisha
2019,5.0,68.0,Punjab
2019,71.0,1999.0,Rajasthan
2019,58.0,1159.0,Rajasthan
2019,15.0,377.0,Rajasthan
2019,82.0,1256.0,Rajasthan
2019,15.0,203.0,Tamil Nadu
2019,18.0,523.0,Rajasthan
2019,53.0,1080.0,Rajasthan
2019,48.0,591.0,Rajasthan
2019,18.0,770.0,Rajasthan
2019,70.0,613.0,Rajasthan
2019,12.0,396.0,Rajasthan
2019,9.0,644.0,Rajasthan
2019,2.0,61.0,Tripura
2019,46.0,570.0,Rajasthan
2019,16.0,266.0,Rajasthan
2019,39.0,879.0,Rajasthan
2019,42.0,905.0,Rajasthan
2019,4.0,79.0,Tamil Nadu
2019,24.0,451.0,Rajasthan
2019,48.0,3351.0,Rajasthan
2019,5.0,245.0,Rajasthan
2019,43.0,810.0,Rajasthan
2019,10.0,47.0,Telangana
2019,47.0,851.0,Rajasthan
2019,28.0,541.0,Rajasthan
2019,84.0,1728.0,Rajasthan
2019,19.0,704.0,Rajasthan
2019,9.0,30.0,Telangana
2019,10.0,72.0,Meghalaya
2019,64.0,1350.0,Rajasthan
2019,34.0,816.0,Rajasthan
2019,48.0,774.0,Rajasthan
2019,22.0,364.0,Rajasthan
2019,2.0,7.0,Telangana
2019,35.0,506.0,Rajasthan
2019,25.0,315.0,Rajasthan
2019,17.0,507.0,Rajasthan
2019,34.0,513.0,Rajasthan
2019,10.0,52.0,Telangana
2019,19.0,435.0,Rajasthan
2019,140.0,2843.0,Rajasthan
2019,11.0,54.0,Sikkim
2019,0.0,1.0,Sikkim
2019,2.0,118.0,Tamil Nadu
2019,1.0,48.0,A & N Islands
2019,72.0,1099.0,Tamil Nadu
2019,38.0,226.0,Tamil Nadu
2019,14.0,104.0,Tamil Nadu
2019,16.0,240.0,Tamil Nadu
2019,1.0,6.0,Arunachal Pradesh
2019,6.0,201.0,Tamil Nadu
2019,5.0,226.0,Tamil Nadu
2019,7.0,358.0,Tamil Nadu
2019,4.0,72.0,Meghalaya
2019,8.0,88.0,Tamil Nadu
2019,2.0,171.0,Tamil Nadu
2019,6.0,448.0,Tamil Nadu
2019,51.0,522.0,Tamil Nadu
2019,4.0,124.0,Tamil Nadu
2019,4.0,230.0,Tamil Nadu
2019,2.0,65.0,Tamil Nadu
2019,7.0,250.0,Tamil Nadu
2019,2.0,138.0,Tamil Nadu
2019,38.0,353.0,Tamil Nadu
2019,3.0,260.0,Tamil Nadu
2019,35.0,190.0,Tamil Nadu
2019,7.0,157.0,Tamil Nadu
2019,6.0,79.0,Tamil Nadu
2019,25.0,589.0,Tamil Nadu
2019,20.0,639.0,Tamil Nadu
2019,6.0,211.0,Tamil Nadu
2019,18.0,341.0,Telangana
2019,19.0,319.0,Tamil Nadu
2019,3.0,63.0,Meghalaya
2019,8.0,203.0,Tamil Nadu
2019,30.0,836.0,Tamil Nadu
2019,32.0,587.0,Tamil Nadu
2019,5.0,286.0,Tamil Nadu
2019,64.0,167.0,Telangana
2019,131.0,507.0,Telangana
2019,6.0,37.0,Telangana
2019,17.0,93.0,Telangana
2019,12.0,136.0,Meghalaya
2019,9.0,68.0,Telangana
2019,7.0,12.0,Telangana
2019,7.0,39.0,Telangana
2019,13.0,225.0,Telangana
2019,12.0,98.0,Meghalaya
2019,2.0,22.0,Telangana
2019,14.0,66.0,Telangana
2019,1.0,72.0,Telangana
2019,2.0,20.0,Jammu & Kashmir
2019,2.0,43.0,Telangana
2019,2.0,14.0,Telangana
2019,7.0,71.0,Tripura
2019,17.0,182.0,Telangana
2019,23.0,104.0,Telangana
2019,10.0,26.0,Telangana
2019,0.0,1.0,Telangana
2019,3.0,9.0,Telangana
2019,4.0,56.0,Telangana
2019,6.0,55.0,Telangana
2019,2.0,3.0,Telangana
2019,2.0,26.0,Tripura
2019,13.0,50.0,Telangana
2019,5.0,30.0,Telangana
2019,6.0,111.0,Telangana
2019,0.0,6.0,Arunachal Pradesh
2019,6.0,73.0,Telangana
2019,17.0,511.0,Tripura
2019,61.0,97.0,Uttar Pradesh
2019,106.0,332.0,Uttar Pradesh
2019,158.0,168.0,Uttar Pradesh
2019,47.0,206.0,Uttar Pradesh
2019,34.0,92.0,Uttar Pradesh
2019,1.0,8.0,A & N Islands
2019,3.0,11.0,A & N Islands
2019,21.0,1052.0,Andhra Pradesh
2019,17.0,967.0,Andhra Pradesh
2019,23.0,998.0,Andhra Pradesh
2019,41.0,1009.0,Andhra Pradesh
2019,0.0,1.0,Arunachal Pradesh
2019,44.0,767.0,Andhra Pradesh
2019,38.0,697.0,Andhra Pradesh
2019,61.0,1272.0,Andhra Pradesh
2019,6.0,214.0,Andhra Pradesh
2019,0.0,0.0,Arunachal Pradesh
2019,12.0,220.0,Andhra Pradesh
2019,13.0,417.0,Andhra Pradesh
2019,97.0,1363.0,Andhra Pradesh
2019,5.0,226.0,Andhra Pradesh
2019,18.0,51.0,Bihar
2019,14.0,123.0,Andhra Pradesh
2019,0.0,2.0,Arunachal Pradesh
2019,0.0,4.0,Arunachal Pradesh
2019,3.0,37.0,Arunachal Pradesh
2019,0.0,0.0,Arunachal Pradesh
2019,0.0,0.0,Arunachal Pradesh
2019,2.0,1.0,Arunachal Pradesh
2019,0.0,0.0,Arunachal Pradesh
2019,6.0,18.0,Arunachal Pradesh
2019,0.0,0.0,Arunachal Pradesh
2019,0.0,2.0,Arunachal Pradesh
2019,0.0,2.0,Arunachal Pradesh
2019,0.0,0.0,Arunachal Pradesh
2019,10.0,172.0,Assam
2019,63.0,867.0,Assam
2019,16.0,255.0,Assam
2019,138.0,682.0,Assam
2019,11.0,155.0,Assam
2019,21.0,255.0,Assam
2019,14.0,273.0,Assam
2019,94.0,1083.0,Assam
2019,89.0,551.0,Assam
2019,5.0,65.0,Assam
2019,33.0,481.0,Assam
2019,28.0,387.0,Assam
2019,8.0,271.0,Assam
2019,22.0,631.0,Assam
2019,104.0,1657.0,Assam
2019,33.0,286.0,Assam
2019,26.0,208.0,Assam
2019,44.0,897.0,Assam
2019,43.0,538.0,Assam
2019,12.0,246.0,Assam
2019,12.0,275.0,Assam
2019,66.0,703.0,Assam
2019,9.0,223.0,Assam
2019,7.0,123.0,Assam
2019,77.0,733.0,Assam
2019,13.0,217.0,Assam
2019,11.0,184.0,Assam
2019,41.0,223.0,Bihar
2019,10.0,188.0,Bihar
2019,17.0,119.0,Bihar
2019,4.0,169.0,Meghalaya
2019,65.0,493.0,Bihar
2019,12.0,128.0,Bihar
2019,160.0,1625.0,Bihar
2019,31.0,237.0,Bihar
2019,0.0,0.0,Nagaland
2019,16.0,177.0,Bihar
2019,49.0,267.0,Bihar
2019,32.0,182.0,Bihar
2019,25.0,53.0,Bihar
2019,25.0,148.0,Bihar
2019,3.0,72.0,Bihar
2019,26.0,329.0,Bihar
2019,14.0,58.0,Bihar
2019,19.0,722.0,Odisha
2019,3.0,14.0,Bihar
2019,28.0,657.0,Bihar
2019,8.0,20.0,Bihar
2019,2.0,18.0,Bihar
2019,34.0,152.0,Bihar
2019,21.0,224.0,Bihar
2019,8.0,275.0,Bihar
2019,6.0,100.0,Bihar
2019,4.0,22.0,Bihar
2019,139.0,491.0,Bihar
2019,38.0,580.0,Bihar
2019,18.0,31.0,Bihar
2019,9.0,210.0,Bihar
2019,58.0,551.0,Bihar
2019,20.0,61.0,Bihar
2019,5.0,29.0,Bihar
2019,5.0,52.0,Bihar
2019,5.0,107.0,Bihar
2019,20.0,119.0,Bihar
2019,37.0,290.0,Bihar
2019,6.0,432.0,Bihar
2019,25.0,128.0,Bihar
2019,31.0,1497.0,Chandigarh
2019,2.0,189.0,Chhattisgarh
2019,40.0,261.0,Chhattisgarh
2019,7.0,159.0,Chhattisgarh
2019,27.0,602.0,Chhattisgarh
2019,11.0,173.0,Chhattisgarh
2019,34.0,212.0,Chhattisgarh
2019,54.0,277.0,Chhattisgarh
2019,17.0,308.0,Chhattisgarh
2019,22.0,207.0,Chhattisgarh
2019,16.0,382.0,Chhattisgarh
2019,7.0,194.0,Chhattisgarh
2019,7.0,146.0,Chhattisgarh
2019,31.0,272.0,Chhattisgarh
2019,23.0,221.0,Chhattisgarh
2019,11.0,166.0,Chhattisgarh
2019,15.0,291.0,Chhattisgarh
2019,31.0,229.0,Chhattisgarh
2019,31.0,287.0,Chhattisgarh
2019,14.0,361.0,Chhattisgarh
2019,14.0,98.0,Chhattisgarh
2019,10.0,65.0,Chhattisgarh
2019,37.0,615.0,Chhattisgarh
2019,67.0,217.0,Chhattisgarh
2019,39.0,720.0,Chhattisgarh
2019,1.0,254.0,Chhattisgarh
2019,20.0,299.0,Chhattisgarh
2019,54.0,733.0,Chhattisgarh
2019,6.0,243.0,Dadra & Nagar Haveli
2019,0.0,30.0,Daman & Diu
2019,0.0,6.0,Daman & Diu
2019,58.0,557.0,Delhi
2019,19.0,682.0,Delhi
2019,75.0,1330.0,Delhi
2019,21.0,271.0,Delhi
2019,7.0,115.0,Delhi
2019,85.0,341.0,Delhi
2019,125.0,626.0,Delhi
2019,25.0,77.0,Delhi
2019,5.0,63.0,Delhi
2019,1.0,22.0,Jammu & Kashmir
2019,4.0,127.0,Delhi
2019,60.0,460.0,Delhi
2019,6.0,118.0,Goa
2019,1.0,13.0,Goa
2019,30.0,1104.0,Gujarat
2019,133.0,988.0,Gujarat
2019,11.0,164.0,Haryana
2019,9.0,246.0,Gujarat
2019,34.0,601.0,Gujarat
2019,12.0,257.0,Gujarat
2019,55.0,632.0,Haryana
2019,27.0,319.0,Gujarat
2019,23.0,522.0,Gujarat
2019,10.0,93.0,Gujarat
2019,20.0,199.0,Gujarat
2019,0.0,13.0,Himachal Pradesh
2019,31.0,815.0,Gujarat
2019,3.0,263.0,Gujarat
2019,19.0,371.0,Gujarat
2019,17.0,343.0,Gujarat
2019,11.0,92.0,Jammu & Kashmir
2019,27.0,1401.0,Gujarat
2019,6.0,255.0,Gujarat
2019,24.0,527.0,Gujarat
2019,20.0,957.0,Gujarat
2019,0.0,7.0,Jammu & Kashmir
2019,23.0,579.0,Gujarat
2019,2.0,293.0,Gujarat
2019,9.0,254.0,Gujarat
2019,3.0,178.0,Gujarat
2019,14.0,120.0,Gujarat
2019,42.0,884.0,Gujarat
2019,29.0,496.0,Gujarat
2019,2.0,125.0,Gujarat
2019,19.0,2854.0,Jammu & Kashmir
2019,49.0,1883.0,Gujarat
2019,16.0,445.0,Gujarat
2019,91.0,1569.0,Gujarat
2019,11.0,294.0,Gujarat
2019,0.0,19.0,Jammu & Kashmir
2019,1.0,197.0,Gujarat
2019,5.0,154.0,Gujarat
2019,156.0,1541.0,Gujarat
2019,32.0,321.0,Gujarat
2019,4.0,142.0,Jammu & Kashmir
2019,13.0,288.0,Haryana
2019,25.0,317.0,Haryana
2019,6.0,78.0,Haryana
2019,54.0,974.0,Haryana
2019,24.0,479.0,Haryana
2019,45.0,567.0,Haryana
2019,27.0,713.0,Haryana
2019,18.0,228.0,Haryana
2019,17.0,645.0,Haryana
2019,16.0,364.0,Haryana
2019,14.0,344.0,Haryana
2019,17.0,213.0,Haryana
2019,43.0,1991.0,Haryana
2019,47.0,833.0,Haryana
2019,5.0,99.0,Haryana
2019,38.0,617.0,Haryana
2019,35.0,1401.0,Haryana
2019,35.0,432.0,Haryana
2019,1.0,16.0,Mizoram
2019,1.0,30.0,Sikkim
2019,0.0,45.0,Uttarakhand
2019,32.0,542.0,Haryana
2019,27.0,499.0,Haryana
2019,2.0,51.0,Himachal Pradesh
2019,2.0,37.0,Himachal Pradesh
2019,11.0,375.0,Himachal Pradesh
2019,9.0,89.0,Himachal Pradesh
2019,0.0,1.0,Himachal Pradesh
2019,1.0,156.0,Himachal Pradesh
2019,4.0,207.0,Himachal Pradesh
2019,7.0,151.0,Himachal Pradesh
2019,10.0,88.0,Himachal Pradesh
2019,4.0,57.0,Himachal Pradesh
2019,3.0,23.0,Jammu & Kashmir
2019,0.0,19.0,Jammu & Kashmir
2019,0.0,12.0,Jammu & Kashmir
2019,12.0,625.0,Jammu & Kashmir
2019,1.0,44.0,Jammu & Kashmir
2019,2.0,15.0,Jammu & Kashmir
2019,2.0,21.0,Jammu & Kashmir
2019,2.0,19.0,Jammu & Kashmir
2019,,,Jammu & Kashmir
2019,0.0,3.0,Jammu & Kashmir
2019,2.0,44.0,Jammu & Kashmir
2019,6.0,23.0,Jammu & Kashmir
2019,19.0,579.0,Jammu & Kashmir
2019,4.0,34.0,Jammu & Kashmir
2019,26.0,216.0,Jharkhand
2019,33.0,135.0,Jharkhand
2019,32.0,137.0,Jharkhand
2019,24.0,118.0,Jharkhand
2019,52.0,403.0,Jharkhand
2019,25.0,113.0,Jharkhand
2019,24.0,137.0,Jharkhand
2019,11.0,82.0,Jharkhand
2019,62.0,257.0,Jharkhand
2019,36.0,126.0,Jharkhand
2019,21.0,188.0,Jharkhand
2019,22.0,116.0,Jharkhand
2019,14.0,94.0,Jharkhand
2019,31.0,103.0,Jharkhand
2019,20.0,132.0,Jharkhand
2019,30.0,120.0,Jharkhand
2019,36.0,154.0,Jharkhand
2019,74.0,565.0,Jharkhand
2019,54.0,1009.0,Jharkhand
2019,23.0,427.0,Madhya Pradesh
2019,10.0,95.0,Jharkhand
2019,70.0,296.0,Jharkhand
2019,27.0,163.0,Jharkhand
2019,33.0,502.0,Madhya Pradesh
2019,31.0,265.0,Jharkhand
2019,21.0,126.0,Jharkhand
2019,15.0,230.0,Karnataka
2019,2.0,41.0,Karnataka
2019,83.0,932.0,Karnataka
2019,48.0,410.0,Karnataka
2019,66.0,645.0,Karnataka
2019,12.0,274.0,Karnataka
2019,2.0,40.0,Mizoram
2019,22.0,350.0,Karnataka
2019,3.0,64.0,Karnataka
2019,9.0,126.0,Karnataka
2019,9.0,104.0,Karnataka
2019,13.0,297.0,Karnataka
2019,31.0,393.0,Karnataka
2019,47.0,573.0,Karnataka
2019,60.0,503.0,Karnataka
2019,14.0,185.0,Karnataka
2019,1.0,22.0,Uttar Pradesh
2019,62.0,624.0,Karnataka
2019,7.0,408.0,Karnataka
2019,15.0,188.0,Karnataka
2019,3.0,69.0,Karnataka
2019,10.0,221.0,Karnataka
2019,16.0,363.0,Karnataka
2019,9.0,296.0,Karnataka
2019,3.0,5.0,Nagaland
2019,34.0,682.0,Karnataka
2019,47.0,749.0,Karnataka
2019,12.0,40.0,Karnataka
2019,16.0,491.0,Karnataka
2019,2.0,31.0,Odisha
2019,22.0,413.0,Karnataka
2019,9.0,148.0,Karnataka
2019,5.0,192.0,Karnataka
2019,23.0,200.0,Karnataka
2019,6.0,91.0,Tripura
2019,2.0,76.0,Kerala
2019,14.0,184.0,Kerala
2019,0.0,23.0,Kerala
2019,59.0,2.0,Uttar Pradesh
2019,21.0,293.0,Kerala
2019,10.0,228.0,Odisha
2019,5.0,146.0,Kerala
2019,4.0,40.0,Kerala
2019,2.0,19.0,Kerala
2019,16.0,96.0,Kerala
2019,9.0,203.0,Odisha
2019,20.0,143.0,Kerala
2019,6.0,50.0,Kerala
2019,2.0,15.0,Kerala
2019,15.0,422.0,Kerala
2019,27.0,411.0,Odisha
2019,11.0,134.0,Kerala
2019,4.0,21.0,Kerala
2019,1.0,5.0,Lakshadweep
2019,8.0,90.0,Madhya Pradesh
2019,28.0,370.0,Madhya Pradesh
2019,41.0,499.0,Madhya Pradesh
2019,24.0,540.0,Madhya Pradesh
2019,0.0,3.0,Manipur
2019,60.0,537.0,Madhya Pradesh
2019,77.0,1010.0,Madhya Pradesh
2019,5.0,154.0,Odisha
2019,31.0,686.0,Madhya Pradesh
2019,35.0,369.0,Madhya Pradesh
2019,163.0,1770.0,Madhya Pradesh
2019,40.0,343.0,Madhya Pradesh
2019,13.0,524.0,Odisha
2019,31.0,1111.0,Madhya Pradesh
2019,68.0,981.0,Madhya Pradesh
2019,33.0,343.0,Madhya Pradesh
2019,19.0,429.0,Madhya Pradesh
2019,25.0,505.0,Madhya Pradesh
2019,57.0,916.0,Madhya Pradesh
2019,17.0,952.0,Madhya Pradesh
2019,51.0,395.0,Madhya Pradesh
2019,12.0,289.0,Madhya Pradesh
2019,18.0,309.0,Madhya Pradesh
2019,45.0,314.0,Madhya Pradesh
2019,2.0,200.0,Odisha
2019,3.0,6.0,Sikkim
2019,131.0,1298.0,Madhya Pradesh
2019,36.0,869.0,Madhya Pradesh
2019,55.0,989.0,Madhya Pradesh
2019,23.0,644.0,Madhya Pradesh
2019,46.0,711.0,Madhya Pradesh
2019,21.0,462.0,Madhya Pradesh
2019,27.0,520.0,Madhya Pradesh
2019,56.0,802.0,Madhya Pradesh
2019,36.0,335.0,Madhya Pradesh
2019,24.0,365.0,Madhya Pradesh
2019,12.0,672.0,Madhya Pradesh
2019,27.0,946.0,Madhya Pradesh
2019,76.0,506.0,Madhya Pradesh
2019,91.0,1003.0,Madhya Pradesh
2019,47.0,1328.0,Madhya Pradesh
2019,17.0,760.0,Madhya Pradesh
2019,37.0,556.0,Madhya Pradesh
2019,65.0,635.0,Madhya Pradesh
2019,14.0,184.0,Madhya Pradesh
2019,26.0,656.0,Madhya Pradesh
2019,47.0,555.0,Madhya Pradesh
2019,44.0,565.0,Madhya Pradesh
2019,40.0,423.0,Madhya Pradesh
2019,30.0,699.0,Madhya Pradesh
2019,8.0,152.0,Telangana
2019,29.0,573.0,Madhya Pradesh
2019,50.0,716.0,Madhya Pradesh
2019,27.0,738.0,Maharashtra
2019,28.0,907.0,Maharashtra
2019,39.0,487.0,Maharashtra
2019,66.0,995.0,Maharashtra
2019,7.0,239.0,Maharashtra
2019,12.0,367.0,Maharashtra
2019,30.0,342.0,Maharashtra
2019,238.0,1835.0,Maharashtra
2019,8.0,296.0,Maharashtra
2019,20.0,626.0,Maharashtra
2019,24.0,541.0,Maharashtra
2019,11.0,302.0,Maharashtra
2019,13.0,257.0,Maharashtra
2019,4.0,185.0,Maharashtra
2019,24.0,349.0,Maharashtra
2019,42.0,612.0,Maharashtra
2019,7.0,129.0,Maharashtra
2019,22.0,8.0,Manipur
2019,26.0,575.0,Maharashtra
2019,20.0,101.0,Maharashtra
2019,185.0,1124.0,Maharashtra
2019,98.0,635.0,Maharashtra
2019,7.0,197.0,Maharashtra
2019,18.0,321.0,Maharashtra
2019,3.0,159.0,Maharashtra
2019,110.0,848.0,Maharashtra
2019,15.0,242.0,Maharashtra
2019,7.0,105.0,Maharashtra
2019,40.0,670.0,Maharashtra
2019,20.0,339.0,Maharashtra
2019,0.0,64.0,Maharashtra
2019,64.0,779.0,Maharashtra
2019,66.0,748.0,Maharashtra
2019,29.0,181.0,Maharashtra
2019,2.0,98.0,Maharashtra
2019,26.0,237.0,Maharashtra
2019,0.0,1.0,Manipur
2019,0.0,79.0,Manipur
2019,4.0,9.0,Manipur
2019,6.0,6.0,Manipur
2019,2.0,3.0,Manipur
2019,48.0,873.0,Meghalaya
2019,49.0,350.0,Meghalaya
2019,7.0,288.0,Meghalaya
2019,16.0,250.0,Meghalaya
2019,0.0,41.0,Mizoram
2019,3.0,101.0,Mizoram
2019,2.0,42.0,Mizoram
2019,3.0,43.0,Mizoram
2019,1.0,41.0,Mizoram
2019,8.0,86.0,Nagaland
2019,5.0,35.0,Nagaland
2019,1.0,10.0,Nagaland
2019,1.0,4.0,Nagaland
2019,7.0,109.0,Tripura
2019,0.0,3.0,Nagaland
2019,2.0,7.0,Nagaland
2019,17.0,429.0,Odisha
2019,22.0,718.0,Odisha
2019,26.0,514.0,Odisha
2019,1.0,175.0,Odisha
2019,3.0,63.0,Odisha
2019,24.0,727.0,Odisha
2019,1.0,202.0,Odisha
2019,45.0,1077.0,Odisha
2019,94.0,838.0,Odisha
2019,4.0,65.0,Odisha
2019,9.0,178.0,Odisha
2019,4.0,60.0,Odisha
2019,40.0,748.0,Odisha
2019,59.0,1039.0,Odisha
2019,40.0,1005.0,Odisha
2019,42.0,1047.0,Odisha
2019,1.0,105.0,Odisha
2019,5.0,134.0,Odisha
2019,58.0,337.0,Odisha
2019,3.0,84.0,Odisha
2019,23.0,449.0,Odisha
2019,0.0,15.0,Puducherry
2019,0.0,1.0,Puducherry
2019,11.0,336.0,Puducherry
2019,0.0,6.0,Puducherry
2019,105.0,260.0,Punjab
2019,7.0,54.0,Punjab
2019,25.0,231.0,Punjab
2019,40.0,192.0,Punjab
2019,4.0,42.0,Punjab
2019,10.0,105.0,Punjab
2019,8.0,62.0,Punjab
2019,7.0,182.0,Punjab
2019,5.0,201.0,Punjab
2019,13.0,85.0,Punjab
2019,3.0,35.0,Punjab
2019,31.0,291.0,Punjab
2019,8.0,97.0,Punjab
2019,2.0,54.0,Punjab
2019,12.0,99.0,Punjab
2019,1.0,33.0,Tripura
2019,14.0,58.0,Punjab
2019,3.0,130.0,Punjab
2019,8.0,89.0,Punjab
2019,50.0,24.0,Punjab
2019,4.0,47.0,Punjab
2019,12.0,69.0,Punjab
2019,23.0,89.0,Uttar Pradesh
2019,17.0,77.0,Uttar Pradesh
2019,94.0,281.0,Uttar Pradesh
2019,1.0,61.0,Uttar Pradesh
2019,55.0,72.0,Uttar Pradesh
2019,8.0,48.0,Uttarakhand
2019,44.0,172.0,Uttar Pradesh
2019,102.0,164.0,Uttar Pradesh
2019,52.0,286.0,Uttar Pradesh
2019,34.0,118.0,Uttar Pradesh
2019,73.0,117.0,Uttar Pradesh
2019,76.0,135.0,Uttar Pradesh
2019,74.0,181.0,Uttar Pradesh
2019,89.0,145.0,Uttar Pradesh
2019,51.0,69.0,Uttar Pradesh
2019,12.0,169.0,Uttar Pradesh
2019,13.0,55.0,Uttar Pradesh
2019,77.0,116.0,Uttar Pradesh
2019,63.0,27.0,Uttar Pradesh
2019,83.0,532.0,Uttar Pradesh
2019,69.0,136.0,Uttar Pradesh
2019,26.0,17.0,Uttar Pradesh
2019,9.0,76.0,Uttar Pradesh
2019,15.0,5.0,Uttar Pradesh
2019,26.0,7.0,Uttar Pradesh
2019,104.0,163.0,Uttar Pradesh
2019,15.0,43.0,Uttar Pradesh
2019,108.0,119.0,Uttar Pradesh
2019,15.0,40.0,Uttar Pradesh
2019,26.0,1.0,Uttar Pradesh
2019,34.0,327.0,Uttar Pradesh
2019,41.0,66.0,Uttar Pradesh
2019,113.0,34.0,Uttar Pradesh
2019,31.0,324.0,Uttar Pradesh
2019,75.0,224.0,Uttar Pradesh
2019,38.0,124.0,Uttar Pradesh
2019,14.0,0.0,Uttar Pradesh
2019,79.0,154.0,Uttar Pradesh
2019,36.0,51.0,Uttar Pradesh
2019,74.0,48.0,Uttar Pradesh
2019,23.0,47.0,Uttar Pradesh
2019,46.0,146.0,Uttar Pradesh
2019,35.0,181.0,Uttar Pradesh
2019,383.0,369.0,Uttar Pradesh
2019,85.0,291.0,Uttar Pradesh
2019,9.0,23.0,Uttar Pradesh
2019,13.0,28.0,Uttar Pradesh
2019,41.0,132.0,Uttar Pradesh
2019,66.0,36.0,Uttar Pradesh
2019,69.0,433.0,Uttar Pradesh
2019,15.0,334.0,Uttar Pradesh
2019,29.0,281.0,Uttar Pradesh
2019,41.0,88.0,Uttar Pradesh
2019,42.0,129.0,Uttar Pradesh
2019,51.0,72.0,Uttar Pradesh
2019,27.0,249.0,Uttar Pradesh
2019,61.0,173.0,Uttar Pradesh
2019,65.0,257.0,Uttar Pradesh
2019,69.0,107.0,Uttar Pradesh
2019,17.0,67.0,Uttar Pradesh
2019,27.0,281.0,Uttar Pradesh
2019,24.0,40.0,Uttar Pradesh
2019,63.0,519.0,Uttar Pradesh
2019,45.0,56.0,Uttar Pradesh
2019,139.0,514.0,Uttar Pradesh
2019,51.0,401.0,Uttar Pradesh
2019,37.0,104.0,Uttar Pradesh
2019,49.0,246.0,Uttar Pradesh
2019,85.0,61.0,Uttar Pradesh
2019,3.0,13.0,Uttarakhand
2019,0.0,0.0,Uttarakhand
2019,7.0,13.0,Uttarakhand
2019,38.0,154.0,Uttarakhand
2019,1.0,47.0,Uttarakhand
2019,60.0,574.0,Uttarakhand
2019,3.0,90.0,Uttarakhand
2019,10.0,60.0,Uttarakhand
2019,12.0,76.0,Uttarakhand
2019,30.0,68.0,Uttarakhand
2019,3.0,44.0,Uttarakhand
2019,16.0,395.0,West Bengal
2019,52.0,1227.0,West Bengal
2019,49.0,1149.0,West Bengal
2019,10.0,311.0,West Bengal
2019,41.0,1036.0,West Bengal
2019,50.0,568.0,West Bengal
2019,32.0,486.0,West Bengal
2019,20.0,343.0,West Bengal
2019,12.0,222.0,West Bengal
2019,0.0,7.0,West Bengal
2019,28.0,679.0,West Bengal
2019,80.0,2042.0,West Bengal
2019,60.0,1669.0,West Bengal
2019,192.0,2490.0,West Bengal
2019,57.0,881.0,West Bengal
2019,24.0,321.0,West Bengal
2019,21.0,696.0,West Bengal
2019,32.0,1017.0,West Bengal
2019,56.0,1838.0,West Bengal
2019,28.0,666.0,West Bengal
2019,24.0,871.0,West Bengal
2019,58.0,999.0,West Bengal
2019,45.0,1018.0,West Bengal
